<?xml version="1.0" encoding="UTF-8"?>
<installation version="5.0"
              xmlns="http://izpack.org/schema/installation"
              xmlns:xsi="http://www.w3.org/2001/XMLSchema-instance"
              xsi:schemaLocation="http://izpack.org/schema/installation http://izpack.org/schema/5.0/izpack-installation-5.0.xsd">
    <info>
        <appname>WebScarab</appname>
        <appversion>${project.version}</appversion>
        <javaversion>1.6</javaversion>
    </info>
    
    <locale>
        <langpack iso3="eng"/>
    </locale>
    
    <panels>
        <panel classname="HelloPanel"/>
        <panel classname="TargetPanel"/>
        <panel classname="PacksPanel"/>
        <panel classname="InstallPanel"/>
        <panel classname="ShortcutPanel"/>
        <panel classname="FinishPanel"/>
    </panels>
    
    <packs>
        <pack name="WebScarab" required="true">
            <description>The WebScarab application</description>
            <file src="WebScarab-${project.version}.one-jar.jar" targetdir="${INSTALL_PATH}"/>
        </pack>
    </packs>
    
    <guiprefs width="800" height="600" resizable="no"/>
    
    <natives>
        <native type="izpack" name="ShellLink.dll"/>
        <native type="izpack" name="ShellLink_x64.dll"/>
    </natives>
    
    <resources>
        <res src="staging/shortcutSpec.xml" id="shortcutSpec.xml"/>
    </resources>
</installation>
